{
    "times": [
        26.71856117248535,
        69.53036189079285,
        169.46052885055542
    ],
    "training iter": [
        1,
        2,
        3
    ]
}