{
    "times": [
        35.32841086387634,
        35.32841086387634,
        74.01619124412537,
        99.04548668861389
    ],
    "training iter": [
        1,
        2,
        3,
        4
    ]
}