{
    "times": [
        24.990519285202026,
        72.85996913909912
    ],
    "training iter": [
        1,
        2
    ]
}