{
    "max confidence": [
        0.5208690166473389,
        0.51434326171875
    ],
    "mean confidence": [
        0.5120072364807129,
        0.5100377798080444
    ],
    "min confidence": [
        0.5071843862533569,
        0.5000008344650269
    ],
    "num epochs": [
        0,
        50
    ],
    "percent active": [
        1.0,
        1.0
    ],
    "percent labelled": [
        0.028041839599609375,
        0.028041839599609375
    ],
    "running loss": [
        0.2684423625469208,
        0.2454039454460144
    ],
    "time": [
        0.0859534740447998,
        1.0373907089233398
    ]
}