{
    "max confidence": [
        0.5180213451385498,
        0.529256284236908,
        0.5450351238250732
    ],
    "mean confidence": [
        0.5018932223320007,
        0.5229053497314453,
        0.5397207736968994
    ],
    "min confidence": [
        0.5000004172325134,
        0.5152413845062256,
        0.5239962935447693
    ],
    "num epochs": [
        0,
        50,
        100
    ],
    "percent active": [
        1.0,
        1.0,
        1.0
    ],
    "percent labelled": [
        0.016437530517578125,
        0.016437530517578125,
        0.016437530517578125
    ],
    "running loss": [
        0.2512720823287964,
        0.22799424827098846,
        0.21119557321071625
    ],
    "time": [
        0.07276177406311035,
        1.1634321212768555,
        2.212683916091919
    ]
}