{
    "max confidence": [
        0.5383764505386353,
        0.5234568119049072
    ],
    "mean confidence": [
        0.5329908132553101,
        0.5154255032539368
    ],
    "min confidence": [
        0.521372377872467,
        0.5082784295082092
    ],
    "num epochs": [
        0,
        50
    ],
    "percent active": [
        1.0,
        1.0
    ],
    "percent labelled": [
        0.01080322265625,
        0.01080322265625
    ],
    "running loss": [
        0.2843495309352875,
        0.2649897634983063
    ],
    "time": [
        0.08145642280578613,
        0.9664561748504639
    ]
}