{
    "times": [
        32.09342336654663,
        40.89048480987549,
        55.609588623046875,
        79.59309124946594,
        88.45242977142334,
        101.28004121780396
    ],
    "training iter": [
        1,
        2,
        3,
        4,
        5,
        6
    ]
}