{
    "times": [
        3.515094518661499,
        10.061159372329712,
        67.42236280441284,
        28.261969089508057,
        28.261969089508057,
        48.94937562942505,
        57.105969190597534,
        57.105969190597534
    ],
    "training iter": [
        1,
        2,
        1,
        1,
        2,
        3,
        4,
        5
    ]
}