{
    "times": [
        85.60744023323059,
        185.3497748374939,
        203.9591019153595,
        233.94265627861023,
        250.5984411239624
    ],
    "training iter": [
        1,
        2,
        3,
        4,
        5
    ]
}