{
    "times": [
        50.68718338012695,
        107.42211627960205,
        135.96925735473633
    ],
    "training iter": [
        1,
        2,
        3
    ]
}