{
    "max confidence": [
        0.5139562487602234,
        0.5100569128990173
    ],
    "mean confidence": [
        0.5056993961334229,
        0.5041168332099915
    ],
    "min confidence": [
        0.5003217458724976,
        0.500002384185791
    ],
    "num epochs": [
        0,
        50
    ],
    "percent active": [
        1.0,
        1.0
    ],
    "percent labelled": [
        0.011295318603515625,
        0.011295318603515625
    ],
    "running loss": [
        0.2557687759399414,
        0.2458115518093109
    ],
    "time": [
        0.1568739414215088,
        1.0469467639923096
    ]
}