{
    "max confidence": [
        0.5266100168228149,
        0.565483570098877,
        0.6238197088241577,
        0.6993250250816345
    ],
    "mean confidence": [
        0.5027998685836792,
        0.5455704927444458,
        0.5997897386550903,
        0.6661444902420044
    ],
    "min confidence": [
        0.5000000596046448,
        0.5000159740447998,
        0.5031552910804749,
        0.501944899559021
    ],
    "num epochs": [
        0,
        50,
        100,
        150
    ],
    "percent active": [
        1.0,
        1.0,
        1.0,
        1.0
    ],
    "percent labelled": [
        0.02146148681640625,
        0.02146148681640625,
        0.02146148681640625,
        0.02146148681640625
    ],
    "running loss": [
        0.24985279142856598,
        0.2027604877948761,
        0.1536865532398224,
        0.10288002341985703
    ],
    "time": [
        0.10722136497497559,
        0.9822232723236084,
        1.8859689235687256,
        2.809931755065918
    ]
}